Id,RiskLevel
71,Low Risk
141,Low Risk
918,Low Risk
491,Low Risk
878,Low Risk
663,Low Risk
274,Low Risk
947,Low Risk
762,Low Risk
863,Low Risk
412,Low Risk
467,Low Risk
558,Low Risk
427,Low Risk
640,Low Risk
668,Low Risk
545,Low Risk
423,Low Risk
1003,Low Risk
554,Low Risk
834,Low Risk
461,Low Risk
139,Low Risk
13,Low Risk
37,Low Risk
976,Low Risk
251,Low Risk
150,Low Risk
500,Low Risk
292,Low Risk
129,Low Risk
991,Low Risk
887,Low Risk
763,Low Risk
893,Low Risk
180,Low Risk
786,Low Risk
246,Low Risk
155,Low Risk
428,Low Risk
30,Low Risk
848,Low Risk
869,Low Risk
649,Low Risk
366,Low Risk
51,Low Risk
331,Low Risk
725,Low Risk
211,Low Risk
483,Low Risk
516,Low Risk
825,Low Risk
620,Low Risk
581,Low Risk
787,Low Risk
38,Low Risk
125,Low Risk
604,Low Risk
254,Low Risk
892,Low Risk
815,Low Risk
858,Low Risk
404,Low Risk
666,Low Risk
157,Low Risk
562,Low Risk
769,Low Risk
470,Low Risk
969,Low Risk
329,Low Risk
149,Low Risk
1013,Low Risk
238,Low Risk
592,Low Risk
518,Low Risk
121,Low Risk
956,Low Risk
148,Low Risk
577,Low Risk
809,Low Risk
999,Low Risk
394,Low Risk
962,Low Risk
874,Low Risk
526,Low Risk
108,Low Risk
65,Low Risk
977,Low Risk
280,Low Risk
992,Low Risk
166,Low Risk
818,Low Risk
891,Low Risk
986,Low Risk
965,Low Risk
729,Low Risk
538,Low Risk
151,Low Risk
603,Low Risk
842,Low Risk
642,Low Risk
778,Low Risk
531,Low Risk
591,Low Risk
462,Low Risk
859,Low Risk
321,Low Risk
340,Low Risk
985,Low Risk
830,Low Risk
911,Low Risk
248,Low Risk
241,Low Risk
120,Low Risk
479,Low Risk
996,Low Risk
319,Low Risk
234,Low Risk
295,Low Risk
355,Low Risk
953,Low Risk
896,Low Risk
480,Low Risk
777,Low Risk
907,Low Risk
342,Low Risk
60,Low Risk
692,Low Risk
951,Low Risk
387,Low Risk
944,Low Risk
994,Low Risk
563,Low Risk
720,Low Risk
406,Low Risk
209,Low Risk
522,Low Risk
797,Low Risk
130,Low Risk
350,Low Risk
240,Low Risk
628,Low Risk
556,Low Risk
528,Low Risk
920,Low Risk
995,Low Risk
383,Low Risk
639,Low Risk
255,Low Risk
669,Low Risk
156,Low Risk
821,Low Risk
744,Low Risk
573,Low Risk
154,Low Risk
758,Low Risk
424,Low Risk
466,Low Risk
696,Low Risk
10,Low Risk
167,Low Risk
487,Low Risk
779,Low Risk
732,Low Risk
937,Low Risk
919,Low Risk
638,Low Risk
431,Low Risk
574,Low Risk
323,Low Risk
94,Low Risk
812,Low Risk
152,Low Risk
369,Low Risk
990,Low Risk
161,Low Risk
217,Low Risk
197,Low Risk
6,Low Risk
372,Low Risk
544,Low Risk
503,Low Risk
851,Low Risk
219,Low Risk
440,Low Risk
78,Low Risk
377,Low Risk
421,Low Risk
216,Low Risk
411,Low Risk
683,Low Risk
966,Low Risk
790,Low Risk
205,Low Risk
876,Low Risk
232,Low Risk
819,Low Risk
430,Low Risk
760,Low Risk
690,Low Risk
794,Low Risk
298,Low Risk
7,Low Risk
